,TF,Target,Label
0,4,1058,1
1,4,763,1
2,4,1153,1
3,4,829,1
4,17,747,1
5,17,806,1
6,17,410,1
7,17,659,1
8,17,430,1
9,17,1174,1
10,17,955,1
11,17,1198,1
12,17,1172,1
13,17,79,1
14,17,971,1
15,17,890,1
16,17,793,1
17,17,467,1
18,17,215,1
19,17,860,1
20,17,471,1
21,17,935,1
22,23,995,1
23,23,192,1
24,23,1176,1
25,27,320,1
26,27,929,1
27,27,151,1
28,27,709,1
29,30,350,1
30,30,732,1
31,30,1144,1
32,30,790,1
33,30,975,1
34,30,588,1
35,30,66,1
36,30,315,1
37,30,992,1
38,54,118,1
39,54,1050,1
40,54,1002,1
41,54,36,1
42,59,935,1
43,59,877,1
44,59,1061,1
45,59,430,1
46,59,240,1
47,59,1002,1
48,59,302,1
49,59,103,1
50,59,802,1
51,59,554,1
52,59,410,1
53,59,199,1
54,59,990,1
55,59,1018,1
56,59,871,1
57,59,840,1
58,59,164,1
59,72,1037,1
60,72,723,1
61,72,127,1
62,72,971,1
63,72,415,1
64,72,332,1
65,72,849,1
66,72,307,1
67,78,335,1
68,78,215,1
69,78,756,1
70,79,396,1
71,79,763,1
72,79,1198,1
73,79,4,1
74,79,1171,1
75,79,806,1
76,79,555,1
77,79,582,1
78,79,332,1
79,79,1183,1
80,79,1165,1
81,79,136,1
82,79,180,1
83,80,403,1
84,80,1091,1
85,80,870,1
86,80,605,1
87,80,120,1
88,82,1150,1
89,82,993,1
90,82,537,1
91,82,341,1
92,82,440,1
93,82,834,1
94,82,719,1
95,82,234,1
96,82,886,1
97,82,685,1
98,82,1100,1
99,82,295,1
100,95,1111,1
101,95,191,1
102,95,239,1
103,95,858,1
104,95,1175,1
105,95,408,1
106,111,350,1
107,111,57,1
108,111,234,1
109,111,198,1
110,111,102,1
111,111,965,1
112,111,855,1
113,111,444,1
114,111,975,1
115,111,608,1
116,111,765,1
117,111,366,1
118,111,145,1
119,111,1073,1
120,111,998,1
121,111,611,1
122,111,43,1
123,111,169,1
124,111,440,1
125,111,66,1
126,111,237,1
127,111,189,1
128,111,118,1
129,111,899,1
130,111,265,1
131,111,748,1
132,111,1135,1
133,111,244,1
134,111,790,1
135,111,886,1
136,111,868,1
137,118,43,1
138,118,1130,1
139,118,280,1
140,118,189,1
141,118,477,1
142,118,54,1
143,118,588,1
144,118,274,1
145,118,169,1
146,118,48,1
147,118,748,1
148,118,301,1
149,118,576,1
150,118,434,1
151,118,950,1
152,118,679,1
153,118,868,1
154,118,34,1
155,118,855,1
156,118,760,1
157,118,989,1
158,118,313,1
159,118,316,1
160,118,315,1
161,118,1095,1
162,118,444,1
163,118,965,1
164,118,66,1
165,118,1047,1
166,118,466,1
167,118,992,1
168,118,615,1
169,118,608,1
170,118,1042,1
171,118,732,1
172,118,424,1
173,118,111,1
174,118,886,1
175,118,265,1
176,118,838,1
177,118,933,1
178,118,234,1
179,125,515,1
180,141,231,1
181,141,444,1
182,141,221,1
183,141,456,1
184,141,510,1
185,141,96,1
186,141,1013,1
187,141,1098,1
188,141,798,1
189,141,535,1
190,141,597,1
191,141,688,1
192,141,434,1
193,143,1074,1
194,143,501,1
195,143,1013,1
196,143,597,1
197,143,798,1
198,143,550,1
199,143,779,1
200,143,231,1
201,143,907,1
202,143,106,1
203,143,1177,1
204,143,552,1
205,143,688,1
206,143,847,1
207,143,120,1
208,143,444,1
209,143,1154,1
210,151,417,1
211,151,995,1
212,151,233,1
213,151,128,1
214,151,27,1
215,151,582,1
216,155,821,1
217,155,367,1
218,161,819,1
219,161,480,1
220,162,1092,1
221,162,82,1
222,162,685,1
223,163,1010,1
224,180,72,1
225,180,1091,1
226,180,454,1
227,180,992,1
228,180,932,1
229,180,673,1
230,180,714,1
231,180,659,1
232,191,95,1
233,192,995,1
234,192,1070,1
235,192,750,1
236,192,23,1
237,202,267,1
238,202,482,1
239,205,609,1
240,206,157,1
241,206,803,1
242,206,793,1
243,206,732,1
244,206,9,1
245,206,690,1
246,206,968,1
247,206,660,1
248,206,48,1
249,206,739,1
250,206,198,1
251,206,189,1
252,206,790,1
253,206,583,1
254,206,466,1
255,206,145,1
256,206,966,1
257,206,861,1
258,206,648,1
259,215,415,1
260,215,290,1
261,215,78,1
262,215,332,1
263,215,1037,1
264,215,431,1
265,215,95,1
266,215,849,1
267,215,806,1
268,216,1100,1
269,216,258,1
270,216,878,1
271,216,126,1
272,217,1031,1
273,217,1050,1
274,224,214,1
275,233,151,1
276,233,449,1
277,233,883,1
278,233,276,1
279,235,1098,1
280,236,186,1
281,244,133,1
282,244,765,1
283,244,899,1
284,244,855,1
285,244,886,1
286,244,111,1
287,244,537,1
288,255,1037,1
289,255,17,1
290,258,1173,1
291,258,126,1
292,258,216,1
293,267,482,1
294,267,157,1
295,267,202,1
296,267,66,1
297,267,790,1
298,267,608,1
299,267,992,1
300,276,582,1
301,276,786,1
302,276,714,1
303,276,449,1
304,290,1180,1
305,290,1053,1
306,290,444,1
307,290,1083,1
308,291,577,1
309,291,387,1
310,297,608,1
311,297,43,1
312,297,1100,1
313,297,350,1
314,297,24,1
315,297,933,1
316,297,265,1
317,297,57,1
318,297,315,1
319,297,366,1
320,297,198,1
321,297,66,1
322,297,313,1
323,297,732,1
324,297,477,1
325,297,169,1
326,297,444,1
327,297,855,1
328,297,576,1
329,297,790,1
330,297,1130,1
331,297,48,1
332,297,111,1
333,297,1010,1
334,297,679,1
335,297,521,1
336,297,53,1
337,297,899,1
338,297,281,1
339,297,992,1
340,297,237,1
341,297,466,1
342,297,965,1
343,297,440,1
344,298,328,1
345,298,161,1
346,306,338,1
347,306,670,1
348,306,577,1
349,306,582,1
350,306,861,1
351,307,1037,1
352,307,714,1
353,307,255,1
354,307,72,1
355,307,17,1
356,307,995,1
357,307,216,1
358,307,126,1
359,307,582,1
360,307,806,1
361,307,849,1
362,307,1053,1
363,311,290,1
364,311,1053,1
365,311,582,1
366,325,610,1
367,332,615,1
368,332,806,1
369,332,215,1
370,332,79,1
371,335,577,1
372,335,670,1
373,340,1044,1
374,340,456,1
375,340,295,1
376,340,150,1
377,340,1098,1
378,341,113,1
379,341,813,1
380,341,511,1
381,341,295,1
382,341,765,1
383,357,1150,1
384,357,1196,1
385,357,1114,1
386,357,195,1
387,357,1092,1
388,389,143,1
389,389,1154,1
390,389,120,1
391,389,501,1
392,394,381,1
393,394,396,1
394,417,151,1
395,417,577,1
396,417,276,1
397,420,111,1
398,420,765,1
399,436,602,1
400,447,66,1
401,447,145,1
402,447,424,1
403,447,481,1
404,447,996,1
405,447,315,1
406,447,989,1
407,447,880,1
408,447,466,1
409,447,803,1
410,447,615,1
411,447,198,1
412,447,444,1
413,447,776,1
414,447,679,1
415,447,790,1
416,447,1122,1
417,447,169,1
418,448,332,1
419,449,151,1
420,449,276,1
421,449,806,1
422,449,233,1
423,449,833,1
424,449,1083,1
425,454,236,1
426,454,609,1
427,454,79,1
428,461,833,1
429,482,202,1
430,482,267,1
431,541,307,1
432,543,1010,1
433,543,1073,1
434,543,447,1
435,543,732,1
436,543,189,1
437,543,1000,1
438,543,57,1
439,543,157,1
440,543,963,1
441,543,1122,1
442,543,583,1
443,543,803,1
444,543,690,1
445,543,424,1
446,543,338,1
447,543,793,1
448,543,206,1
449,543,145,1
450,543,988,1
451,543,53,1
452,543,48,1
453,543,43,1
454,543,274,1
455,553,60,1
456,553,604,1
457,553,249,1
458,555,1111,1
459,577,291,1
460,577,78,1
461,577,670,1
462,577,834,1
463,577,938,1
464,577,335,1
465,577,417,1
466,577,113,1
467,582,306,1
468,582,1157,1
469,582,763,1
470,582,116,1
471,582,1118,1
472,582,592,1
473,582,386,1
474,582,151,1
475,582,709,1
476,582,311,1
477,588,760,1
478,588,975,1
479,588,118,1
480,588,157,1
481,588,1135,1
482,588,466,1
483,588,53,1
484,588,615,1
485,588,100,1
486,588,748,1
487,588,274,1
488,588,679,1
489,588,537,1
490,588,43,1
491,588,838,1
492,588,424,1
493,588,1063,1
494,588,1095,1
495,588,66,1
496,588,102,1
497,588,24,1
498,588,992,1
499,588,111,1
500,588,933,1
501,588,265,1
502,588,444,1
503,588,297,1
504,588,521,1
505,588,885,1
506,588,1054,1
507,588,418,1
508,588,350,1
509,588,434,1
510,588,1130,1
511,588,855,1
512,588,237,1
513,588,989,1
514,588,169,1
515,588,228,1
516,588,899,1
517,589,609,1
518,589,426,1
519,589,970,1
520,589,363,1
521,592,233,1
522,592,582,1
523,601,932,1
524,601,1157,1
525,605,1091,1
526,605,870,1
527,605,1053,1
528,605,150,1
529,605,120,1
530,609,180,1
531,609,1085,1
532,609,932,1
533,609,677,1
534,609,589,1
535,610,1098,1
536,610,614,1
537,610,558,1
538,610,95,1
539,614,806,1
540,643,287,1
541,646,225,1
542,646,780,1
543,646,925,1
544,646,422,1
545,646,1150,1
546,646,387,1
547,646,889,1
548,646,1137,1
549,658,582,1
550,658,714,1
551,670,756,1
552,670,468,1
553,670,306,1
554,670,577,1
555,672,816,1
556,677,992,1
557,677,686,1
558,677,1083,1
559,677,477,1
560,677,169,1
561,677,760,1
562,677,510,1
563,677,793,1
564,677,202,1
565,677,482,1
566,685,1150,1
567,685,82,1
568,685,162,1
569,685,1100,1
570,686,454,1
571,686,760,1
572,686,677,1
573,686,679,1
574,706,577,1
575,706,688,1
576,706,550,1
577,706,434,1
578,709,582,1
579,709,1118,1
580,714,17,1
581,714,992,1
582,714,1083,1
583,714,703,1
584,714,57,1
585,714,553,1
586,714,79,1
587,714,573,1
588,714,307,1
589,714,659,1
590,714,1037,1
591,714,806,1
592,719,440,1
593,719,889,1
594,719,1150,1
595,719,204,1
596,719,993,1
597,719,886,1
598,719,1100,1
599,719,234,1
600,719,537,1
601,719,133,1
602,719,1137,1
603,719,780,1
604,721,714,1
605,721,706,1
606,721,415,1
607,721,951,1
608,721,1176,1
609,749,899,1
610,749,1010,1
611,749,189,1
612,749,855,1
613,749,1054,1
614,749,418,1
615,749,1135,1
616,749,274,1
617,749,157,1
618,749,748,1
619,749,588,1
620,749,868,1
621,749,24,1
622,749,576,1
623,749,583,1
624,749,350,1
625,749,989,1
626,749,313,1
627,749,118,1
628,749,1004,1
629,749,886,1
630,749,145,1
631,749,111,1
632,749,933,1
633,749,679,1
634,749,444,1
635,749,732,1
636,749,838,1
637,749,1095,1
638,749,608,1
639,749,1042,1
640,749,366,1
641,750,835,1
642,750,686,1
643,750,1100,1
644,750,313,1
645,750,82,1
646,750,192,1
647,750,1150,1
648,751,1100,1
649,751,82,1
650,751,750,1
651,751,835,1
652,756,335,1
653,756,577,1
654,763,79,1
655,763,582,1
656,763,1171,1
657,763,741,1
658,763,1091,1
659,765,341,1
660,765,993,1
661,765,770,1
662,765,111,1
663,765,886,1
664,765,899,1
665,765,113,1
666,770,511,1
667,770,798,1
668,770,440,1
669,770,113,1
670,770,302,1
671,770,341,1
672,770,1105,1
673,770,82,1
674,770,295,1
675,770,320,1
676,770,886,1
677,770,412,1
678,770,899,1
679,772,192,1
680,772,995,1
681,786,442,1
682,786,276,1
683,802,344,1
684,802,1039,1
685,802,59,1
686,802,840,1
687,806,609,1
688,806,714,1
689,806,1036,1
690,806,1100,1
691,806,332,1
692,806,835,1
693,806,1150,1
694,806,72,1
695,806,449,1
696,806,431,1
697,813,855,1
698,813,234,1
699,813,923,1
700,813,111,1
701,813,770,1
702,816,995,1
703,816,1100,1
704,816,672,1
705,816,878,1
706,819,1101,1
707,819,541,1
708,819,1037,1
709,819,1198,1
710,819,480,1
711,833,449,1
712,833,461,1
713,834,82,1
714,834,877,1
715,835,357,1
716,835,1092,1
717,835,1100,1
718,835,750,1
719,835,1150,1
720,835,1114,1
721,835,751,1
722,840,1002,1
723,840,103,1
724,840,240,1
725,840,1039,1
726,840,59,1
727,840,1018,1
728,840,877,1
729,840,990,1
730,840,199,1
731,858,95,1
732,868,189,1
733,868,749,1
734,868,228,1
735,868,157,1
736,868,297,1
737,868,1128,1
738,868,440,1
739,868,313,1
740,868,198,1
741,868,315,1
742,868,281,1
743,868,588,1
744,868,100,1
745,868,1135,1
746,868,965,1
747,868,885,1
748,868,444,1
749,868,53,1
750,868,1054,1
751,868,1004,1
752,868,118,1
753,868,748,1
754,868,950,1
755,868,679,1
756,868,466,1
757,868,989,1
758,868,66,1
759,868,537,1
760,868,418,1
761,868,933,1
762,868,57,1
763,868,234,1
764,868,608,1
765,868,1095,1
766,870,501,1
767,870,106,1
768,870,80,1
769,870,1091,1
770,870,605,1
771,877,573,1
772,877,59,1
773,877,1031,1
774,877,199,1
775,877,1039,1
776,877,479,1
777,877,88,1
778,877,1018,1
779,877,345,1
780,877,990,1
781,877,264,1
782,877,1050,1
783,877,635,1
784,877,344,1
785,877,1120,1
786,877,1100,1
787,878,216,1
788,878,816,1
789,878,126,1
790,878,672,1
791,890,17,1
792,932,27,1
793,932,180,1
794,932,307,1
795,932,601,1
796,938,577,1
797,939,648,1
798,939,966,1
799,939,145,1
800,939,206,1
801,939,440,1
802,939,803,1
803,939,338,1
804,939,315,1
805,939,57,1
806,939,510,1
807,939,988,1
808,939,583,1
809,939,968,1
810,939,53,1
811,939,690,1
812,939,120,1
813,939,793,1
814,939,466,1
815,939,43,1
816,939,975,1
817,939,679,1
818,939,395,1
819,939,1063,1
820,939,301,1
821,939,198,1
822,939,434,1
823,951,577,1
824,951,72,1
825,965,790,1
826,965,53,1
827,965,679,1
828,965,1095,1
829,965,274,1
830,965,297,1
831,965,993,1
832,965,996,1
833,965,424,1
834,965,576,1
835,965,189,1
836,965,1054,1
837,965,855,1
838,965,313,1
839,965,43,1
840,965,133,1
841,965,868,1
842,965,1128,1
843,965,466,1
844,965,100,1
845,965,66,1
846,965,933,1
847,965,418,1
848,965,950,1
849,965,157,1
850,965,1010,1
851,965,1042,1
852,965,1130,1
853,965,366,1
854,965,838,1
855,965,749,1
856,965,975,1
857,965,1004,1
858,965,537,1
859,978,819,1
860,1008,1070,1
861,1008,885,1
862,1037,255,1
863,1037,806,1
864,1037,17,1
865,1037,714,1
866,1037,819,1
867,1037,215,1
868,1037,849,1
869,1042,588,1
870,1042,899,1
871,1042,1095,1
872,1042,234,1
873,1042,965,1
874,1042,1130,1
875,1042,992,1
876,1042,868,1
877,1042,1054,1
878,1042,301,1
879,1042,1135,1
880,1042,1004,1
881,1042,886,1
882,1042,885,1
883,1042,576,1
884,1053,605,1
885,1053,290,1
886,1058,1151,1
887,1058,363,1
888,1058,589,1
889,1058,704,1
890,1058,974,1
891,1058,628,1
892,1058,4,1
893,1070,899,1
894,1070,721,1
895,1070,677,1
896,1070,1008,1
897,1070,750,1
898,1070,886,1
899,1083,795,1
900,1083,677,1
901,1083,449,1
902,1083,111,1
903,1083,839,1
904,1083,1180,1
905,1092,835,1
906,1092,1100,1
907,1092,433,1
908,1092,162,1
909,1092,1150,1
910,1100,307,1
911,1100,685,1
912,1100,751,1
913,1100,297,1
914,1100,440,1
915,1100,393,1
916,1100,925,1
917,1100,162,1
918,1100,195,1
919,1100,537,1
920,1100,886,1
921,1100,1137,1
922,1100,345,1
923,1100,646,1
924,1100,719,1
925,1100,1092,1
926,1100,126,1
927,1100,479,1
928,1100,216,1
929,1100,993,1
930,1100,258,1
931,1100,889,1
932,1100,82,1
933,1100,1150,1
934,1100,1196,1
935,1100,877,1
936,1101,17,1
937,1101,1198,1
938,1101,819,1
939,1111,95,1
940,1111,555,1
941,1114,433,1
942,1114,357,1
943,1114,1100,1
944,1114,1196,1
945,1114,754,1
946,1118,27,1
947,1118,582,1
948,1137,249,1
949,1137,225,1
950,1137,925,1
951,1137,422,1
952,1137,780,1
953,1137,1150,1
954,1137,629,1
955,1142,17,1
956,1150,754,1
957,1150,889,1
958,1150,780,1
959,1150,1114,1
960,1150,629,1
961,1150,82,1
962,1150,357,1
963,1150,719,1
964,1150,925,1
965,1150,751,1
966,1150,750,1
967,1150,646,1
968,1150,1100,1
969,1153,4,1
970,1157,582,1
971,1157,932,1
972,1170,877,1
973,1175,438,1
974,1175,239,1
975,1175,95,1
976,1177,434,1
977,1177,1013,1
978,1177,221,1
979,1177,150,1
980,1177,1098,1
981,1177,1044,1
982,1177,688,1
983,1177,143,1
984,1177,552,1
985,1177,907,1
986,1177,510,1
987,1177,798,1
988,1196,1100,1
989,1196,1050,1
990,1196,1114,1
991,1196,357,1
992,1198,1037,1
993,1198,849,1
994,1198,79,1
995,1198,1101,1
996,1200,57,1
997,1200,157,1
998,4,324,0
999,4,595,0
1000,4,1119,0
1001,4,559,0
1002,17,797,0
1003,17,904,0
1004,17,62,0
1005,17,921,0
1006,17,1166,0
1007,17,961,0
1008,17,1159,0
1009,17,473,0
1010,17,494,0
1011,17,784,0
1012,17,1043,0
1013,17,386,0
1014,17,750,0
1015,17,717,0
1016,17,98,0
1017,17,724,0
1018,17,624,0
1019,17,441,0
1020,23,1200,0
1021,23,603,0
1022,23,421,0
1023,27,367,0
1024,27,187,0
1025,27,243,0
1026,27,870,0
1027,30,1171,0
1028,30,50,0
1029,30,225,0
1030,30,155,0
1031,30,469,0
1032,30,824,0
1033,30,821,0
1034,30,695,0
1035,30,946,0
1036,54,699,0
1037,54,477,0
1038,54,641,0
1039,54,593,0
1040,59,869,0
1041,59,993,0
1042,59,682,0
1043,59,432,0
1044,59,1101,0
1045,59,138,0
1046,59,1185,0
1047,59,780,0
1048,59,928,0
1049,59,580,0
1050,59,221,0
1051,59,735,0
1052,59,1074,0
1053,59,647,0
1054,59,282,0
1055,59,548,0
1056,59,986,0
1057,72,220,0
1058,72,96,0
1059,72,678,0
1060,72,893,0
1061,72,134,0
1062,72,1057,0
1063,72,1035,0
1064,72,88,0
1065,78,584,0
1066,78,988,0
1067,78,1181,0
1068,79,836,0
1069,79,39,0
1070,79,316,0
1071,79,520,0
1072,79,590,0
1073,79,1179,0
1074,79,756,0
1075,79,139,0
1076,79,1076,0
1077,79,1020,0
1078,79,104,0
1079,79,977,0
1080,79,655,0
1081,80,60,0
1082,80,894,0
1083,80,194,0
1084,80,997,0
1085,80,395,0
1086,82,358,0
1087,82,813,0
1088,82,865,0
1089,82,561,0
1090,82,1153,0
1091,82,982,0
1092,82,206,0
1093,82,676,0
1094,82,454,0
1095,82,1106,0
1096,82,1087,0
1097,82,18,0
1098,95,127,0
1099,95,566,0
1100,95,113,0
1101,95,392,0
1102,95,65,0
1103,95,928,0
1104,111,844,0
1105,111,606,0
1106,111,888,0
1107,111,85,0
1108,111,482,0
1109,111,241,0
1110,111,293,0
1111,111,560,0
1112,111,1182,0
1113,111,853,0
1114,111,449,0
1115,111,1191,0
1116,111,46,0
1117,111,128,0
1118,111,583,0
1119,111,389,0
1120,111,782,0
1121,111,1103,0
1122,111,290,0
1123,111,647,0
1124,111,978,0
1125,111,630,0
1126,111,777,0
1127,111,1195,0
1128,111,1176,0
1129,111,763,0
1130,111,964,0
1131,111,1086,0
1132,111,750,0
1133,111,251,0
1134,111,161,0
1135,118,539,0
1136,118,81,0
1137,118,92,0
1138,118,401,0
1139,118,415,0
1140,118,1024,0
1141,118,36,0
1142,118,397,0
1143,118,58,0
1144,118,854,0
1145,118,906,0
1146,118,969,0
1147,118,1200,0
1148,118,333,0
1149,118,1166,0
1150,118,191,0
1151,118,31,0
1152,118,1118,0
1153,118,128,0
1154,118,1073,0
1155,118,761,0
1156,118,952,0
1157,118,920,0
1158,118,1080,0
1159,118,1194,0
1160,118,402,0
1161,118,385,0
1162,118,431,0
1163,118,605,0
1164,118,929,0
1165,118,261,0
1166,118,872,0
1167,118,871,0
1168,118,9,0
1169,118,870,0
1170,118,471,0
1171,118,321,0
1172,118,1150,0
1173,118,548,0
1174,118,195,0
1175,118,88,0
1176,118,47,0
1177,125,143,0
1178,141,106,0
1179,141,405,0
1180,141,964,0
1181,141,1099,0
1182,141,49,0
1183,141,1008,0
1184,141,116,0
1185,141,71,0
1186,141,768,0
1187,141,587,0
1188,141,225,0
1189,141,359,0
1190,141,657,0
1191,143,350,0
1192,143,274,0
1193,143,99,0
1194,143,46,0
1195,143,346,0
1196,143,174,0
1197,143,549,0
1198,143,164,0
1199,143,963,0
1200,143,628,0
1201,143,1199,0
1202,143,184,0
1203,143,648,0
1204,143,334,0
1205,143,704,0
1206,143,694,0
1207,143,685,0
1208,151,332,0
1209,151,695,0
1210,151,177,0
1211,151,831,0
1212,151,965,0
1213,151,53,0
1214,155,1198,0
1215,155,530,0
1216,161,270,0
1217,161,569,0
1218,162,484,0
1219,162,966,0
1220,162,611,0
1221,163,1129,0
1222,180,1099,0
1223,180,697,0
1224,180,307,0
1225,180,257,0
1226,180,392,0
1227,180,211,0
1228,180,505,0
1229,180,1011,0
1230,191,1102,0
1231,192,501,0
1232,192,270,0
1233,192,411,0
1234,192,1195,0
1235,202,530,0
1236,202,890,0
1237,205,1016,0
1238,206,552,0
1239,206,903,0
1240,206,1178,0
1241,206,632,0
1242,206,446,0
1243,206,733,0
1244,206,369,0
1245,206,725,0
1246,206,266,0
1247,206,816,0
1248,206,1108,0
1249,206,1148,0
1250,206,1120,0
1251,206,184,0
1252,206,697,0
1253,206,268,0
1254,206,349,0
1255,206,501,0
1256,206,700,0
1257,215,155,0
1258,215,223,0
1259,215,212,0
1260,215,488,0
1261,215,752,0
1262,215,907,0
1263,215,691,0
1264,215,503,0
1265,215,206,0
1266,216,315,0
1267,216,604,0
1268,216,226,0
1269,216,669,0
1270,217,696,0
1271,217,313,0
1272,224,1068,0
1273,233,974,0
1274,233,692,0
1275,233,1081,0
1276,233,954,0
1277,235,1060,0
1278,236,1166,0
1279,244,466,0
1280,244,98,0
1281,244,512,0
1282,244,930,0
1283,244,1032,0
1284,244,1037,0
1285,244,746,0
1286,255,128,0
1287,255,1132,0
1288,258,1032,0
1289,258,713,0
1290,258,784,0
1291,267,995,0
1292,267,203,0
1293,267,799,0
1294,267,1035,0
1295,267,923,0
1296,267,1083,0
1297,267,870,0
1298,276,275,0
1299,276,571,0
1300,276,949,0
1301,276,1154,0
1302,290,162,0
1303,290,919,0
1304,290,108,0
1305,290,579,0
1306,291,750,0
1307,291,1194,0
1308,297,2,0
1309,297,1154,0
1310,297,372,0
1311,297,901,0
1312,297,1062,0
1313,297,224,0
1314,297,375,0
1315,297,505,0
1316,297,957,0
1317,297,586,0
1318,297,1040,0
1319,297,44,0
1320,297,443,0
1321,297,864,0
1322,297,402,0
1323,297,813,0
1324,297,188,0
1325,297,995,0
1326,297,338,0
1327,297,337,0
1328,297,216,0
1329,297,680,0
1330,297,877,0
1331,297,1069,0
1332,297,18,0
1333,297,148,0
1334,297,678,0
1335,297,1066,0
1336,297,332,0
1337,297,788,0
1338,297,778,0
1339,297,330,0
1340,297,942,0
1341,297,279,0
1342,298,540,0
1343,298,736,0
1344,306,1150,0
1345,306,112,0
1346,306,199,0
1347,306,236,0
1348,306,910,0
1349,307,85,0
1350,307,848,0
1351,307,509,0
1352,307,711,0
1353,307,86,0
1354,307,516,0
1355,307,172,0
1356,307,929,0
1357,307,34,0
1358,307,992,0
1359,307,1094,0
1360,307,1142,0
1361,311,1150,0
1362,311,300,0
1363,311,650,0
1364,325,343,0
1365,332,69,0
1366,332,442,0
1367,332,1193,0
1368,332,139,0
1369,335,1202,0
1370,335,678,0
1371,340,269,0
1372,340,818,0
1373,340,74,0
1374,340,34,0
1375,340,493,0
1376,341,388,0
1377,341,509,0
1378,341,1157,0
1379,341,81,0
1380,341,1130,0
1381,357,1089,0
1382,357,180,0
1383,357,712,0
1384,357,697,0
1385,357,1097,0
1386,389,95,0
1387,389,1090,0
1388,389,94,0
1389,389,733,0
1390,394,50,0
1391,394,516,0
1392,417,426,0
1393,417,1172,0
1394,417,271,0
1395,420,340,0
1396,420,556,0
1397,436,133,0
1398,447,734,0
1399,447,397,0
1400,447,1131,0
1401,447,888,0
1402,447,876,0
1403,447,842,0
1404,447,321,0
1405,447,648,0
1406,447,473,0
1407,447,534,0
1408,447,724,0
1409,447,137,0
1410,447,1017,0
1411,447,737,0
1412,447,568,0
1413,447,13,0
1414,447,39,0
1415,447,533,0
1416,448,94,0
1417,449,246,0
1418,449,394,0
1419,449,834,0
1420,449,1023,0
1421,449,764,0
1422,449,209,0
1423,454,156,0
1424,454,583,0
1425,454,888,0
1426,461,114,0
1427,482,22,0
1428,482,386,0
1429,541,900,0
1430,543,784,0
1431,543,795,0
1432,543,1143,0
1433,543,575,0
1434,543,731,0
1435,543,217,0
1436,543,999,0
1437,543,1057,0
1438,543,1145,0
1439,543,996,0
1440,543,1053,0
1441,543,568,0
1442,543,695,0
1443,543,1152,0
1444,543,24,0
1445,543,889,0
1446,543,1092,0
1447,543,239,0
1448,543,557,0
1449,543,701,0
1450,543,964,0
1451,543,501,0
1452,543,760,0
1453,553,744,0
1454,553,928,0
1455,553,180,0
1456,555,941,0
1457,577,890,0
1458,577,400,0
1459,577,296,0
1460,577,1068,0
1461,577,1076,0
1462,577,759,0
1463,577,899,0
1464,577,687,0
1465,582,434,0
1466,582,127,0
1467,582,59,0
1468,582,289,0
1469,582,225,0
1470,582,97,0
1471,582,1048,0
1472,582,1203,0
1473,582,1013,0
1474,582,465,0
1475,588,577,0
1476,588,190,0
1477,588,386,0
1478,588,661,0
1479,588,657,0
1480,588,781,0
1481,588,842,0
1482,588,472,0
1483,588,710,0
1484,588,658,0
1485,588,179,0
1486,588,1114,0
1487,588,215,0
1488,588,471,0
1489,588,476,0
1490,588,1189,0
1491,588,502,0
1492,588,1172,0
1493,588,1161,0
1494,588,978,0
1495,588,1052,0
1496,588,375,0
1497,588,846,0
1498,588,986,0
1499,588,906,0
1500,588,449,0
1501,588,351,0
1502,588,1144,0
1503,588,399,0
1504,588,300,0
1505,588,177,0
1506,588,959,0
1507,588,494,0
1508,588,808,0
1509,588,509,0
1510,588,193,0
1511,588,459,0
1512,588,1124,0
1513,588,974,0
1514,588,773,0
1515,589,337,0
1516,589,56,0
1517,589,922,0
1518,589,565,0
1519,592,851,0
1520,592,696,0
1521,601,201,0
1522,601,531,0
1523,605,1172,0
1524,605,189,0
1525,605,221,0
1526,605,843,0
1527,605,841,0
1528,609,134,0
1529,609,902,0
1530,609,878,0
1531,609,146,0
1532,609,324,0
1533,610,812,0
1534,610,283,0
1535,610,313,0
1536,610,888,0
1537,614,121,0
1538,643,416,0
1539,646,420,0
1540,646,128,0
1541,646,927,0
1542,646,234,0
1543,646,79,0
1544,646,23,0
1545,646,717,0
1546,646,804,0
1547,658,163,0
1548,658,806,0
1549,670,602,0
1550,670,924,0
1551,670,173,0
1552,670,317,0
1553,672,420,0
1554,677,628,0
1555,677,292,0
1556,677,112,0
1557,677,810,0
1558,677,988,0
1559,677,1061,0
1560,677,399,0
1561,677,1185,0
1562,677,113,0
1563,677,832,0
1564,685,288,0
1565,685,1037,0
1566,685,1004,0
1567,685,1080,0
1568,686,740,0
1569,686,329,0
1570,686,296,0
1571,686,809,0
1572,706,856,0
1573,706,519,0
1574,706,531,0
1575,706,720,0
1576,709,350,0
1577,709,501,0
1578,714,895,0
1579,714,859,0
1580,714,330,0
1581,714,1105,0
1582,714,1075,0
1583,714,43,0
1584,714,556,0
1585,714,622,0
1586,714,614,0
1587,714,513,0
1588,714,460,0
1589,714,1091,0
1590,719,865,0
1591,719,742,0
1592,719,285,0
1593,719,636,0
1594,719,1080,0
1595,719,674,0
1596,719,115,0
1597,719,1013,0
1598,719,116,0
1599,719,679,0
1600,719,351,0
1601,719,161,0
1602,721,1169,0
1603,721,918,0
1604,721,639,0
1605,721,516,0
1606,721,592,0
1607,749,151,0
1608,749,1035,0
1609,749,520,0
1610,749,913,0
1611,749,474,0
1612,749,252,0
1613,749,257,0
1614,749,89,0
1615,749,296,0
1616,749,602,0
1617,749,356,0
1618,749,1155,0
1619,749,289,0
1620,749,516,0
1621,749,778,0
1622,749,558,0
1623,749,726,0
1624,749,45,0
1625,749,245,0
1626,749,78,0
1627,749,957,0
1628,749,348,0
1629,749,1099,0
1630,749,384,0
1631,749,543,0
1632,749,709,0
1633,749,477,0
1634,749,463,0
1635,749,451,0
1636,749,669,0
1637,749,530,0
1638,749,192,0
1639,750,685,0
1640,750,843,0
1641,750,1083,0
1642,750,997,0
1643,750,741,0
1644,750,371,0
1645,750,661,0
1646,751,1003,0
1647,751,453,0
1648,751,1149,0
1649,751,853,0
1650,756,205,0
1651,756,1024,0
1652,763,408,0
1653,763,910,0
1654,763,193,0
1655,763,980,0
1656,763,310,0
1657,765,1115,0
1658,765,963,0
1659,765,870,0
1660,765,104,0
1661,765,715,0
1662,765,613,0
1663,765,374,0
1664,770,358,0
1665,770,425,0
1666,770,850,0
1667,770,690,0
1668,770,921,0
1669,770,22,0
1670,770,1200,0
1671,770,700,0
1672,770,434,0
1673,770,275,0
1674,770,238,0
1675,770,715,0
1676,770,677,0
1677,772,730,0
1678,772,1178,0
1679,786,1051,0
1680,786,944,0
1681,802,650,0
1682,802,57,0
1683,802,546,0
1684,802,850,0
1685,806,102,0
1686,806,575,0
1687,806,51,0
1688,806,1099,0
1689,806,331,0
1690,806,573,0
1691,806,679,0
1692,806,267,0
1693,806,476,0
1694,806,647,0
1695,813,1091,0
1696,813,271,0
1697,813,1146,0
1698,813,1193,0
1699,813,1025,0
1700,816,334,0
1701,816,735,0
1702,816,149,0
1703,816,571,0
1704,819,964,0
1705,819,213,0
1706,819,1184,0
1707,819,733,0
1708,819,180,0
1709,833,469,0
1710,833,776,0
1711,834,1117,0
1712,834,578,0
1713,835,254,0
1714,835,776,0
1715,835,869,0
1716,835,596,0
1717,835,594,0
1718,835,257,0
1719,835,1192,0
1720,840,339,0
1721,840,652,0
1722,840,672,0
1723,840,582,0
1724,840,547,0
1725,840,506,0
1726,840,1175,0
1727,840,407,0
1728,840,333,0
1729,858,713,0
1730,868,1046,0
1731,868,612,0
1732,868,495,0
1733,868,370,0
1734,868,102,0
1735,868,1164,0
1736,868,1203,0
1737,868,768,0
1738,868,439,0
1739,868,314,0
1740,868,843,0
1741,868,4,0
1742,868,67,0
1743,868,593,0
1744,868,317,0
1745,868,1113,0
1746,868,1009,0
1747,868,1058,0
1748,868,1050,0
1749,868,1192,0
1750,868,134,0
1751,868,935,0
1752,868,144,0
1753,868,1002,0
1754,868,285,0
1755,868,1089,0
1756,868,766,0
1757,868,873,0
1758,868,513,0
1759,868,943,0
1760,868,892,0
1761,868,792,0
1762,868,5,0
1763,868,1075,0
1764,870,946,0
1765,870,1104,0
1766,870,581,0
1767,870,730,0
1768,870,1066,0
1769,877,152,0
1770,877,786,0
1771,877,1069,0
1772,877,1084,0
1773,877,136,0
1774,877,845,0
1775,877,983,0
1776,877,545,0
1777,877,685,0
1778,877,774,0
1779,877,442,0
1780,877,181,0
1781,877,200,0
1782,877,201,0
1783,877,100,0
1784,877,1055,0
1785,878,1043,0
1786,878,1107,0
1787,878,182,0
1788,878,82,0
1789,890,777,0
1790,932,864,0
1791,932,987,0
1792,932,617,0
1793,932,489,0
1794,938,581,0
1795,939,1101,0
1796,939,1031,0
1797,939,820,0
1798,939,1027,0
1799,939,523,0
1800,939,389,0
1801,939,1079,0
1802,939,655,0
1803,939,70,0
1804,939,742,0
1805,939,490,0
1806,939,837,0
1807,939,782,0
1808,939,1106,0
1809,939,643,0
1810,939,623,0
1811,939,170,0
1812,939,513,0
1813,939,887,0
1814,939,83,0
1815,939,471,0
1816,939,20,0
1817,939,95,0
1818,939,1198,0
1819,939,809,0
1820,939,1077,0
1821,951,930,0
1822,951,40,0
1823,965,1197,0
1824,965,354,0
1825,965,720,0
1826,965,504,0
1827,965,1142,0
1828,965,95,0
1829,965,241,0
1830,965,18,0
1831,965,540,0
1832,965,1124,0
1833,965,1190,0
1834,965,1016,0
1835,965,575,0
1836,965,970,0
1837,965,647,0
1838,965,986,0
1839,965,1185,0
1840,965,1094,0
1841,965,772,0
1842,965,10,0
1843,965,738,0
1844,965,73,0
1845,965,52,0
1846,965,1102,0
1847,965,124,0
1848,965,206,0
1849,965,270,0
1850,965,711,0
1851,965,326,0
1852,965,606,0
1853,965,455,0
1854,965,1035,0
1855,965,201,0
1856,965,1167,0
1857,978,314,0
1858,1008,220,0
1859,1008,600,0
1860,1037,134,0
1861,1037,871,0
1862,1037,1126,0
1863,1037,659,0
1864,1037,890,0
1865,1037,598,0
1866,1037,393,0
1867,1042,735,0
1868,1042,138,0
1869,1042,1010,0
1870,1042,103,0
1871,1042,377,0
1872,1042,1087,0
1873,1042,715,0
1874,1042,1022,0
1875,1042,1075,0
1876,1042,909,0
1877,1042,95,0
1878,1042,345,0
1879,1042,309,0
1880,1042,1003,0
1881,1042,827,0
1882,1053,294,0
1883,1053,1099,0
1884,1058,601,0
1885,1058,279,0
1886,1058,769,0
1887,1058,1074,0
1888,1058,1010,0
1889,1058,878,0
1890,1058,591,0
1891,1070,1067,0
1892,1070,363,0
1893,1070,400,0
1894,1070,179,0
1895,1070,127,0
1896,1070,1156,0
1897,1083,303,0
1898,1083,969,0
1899,1083,71,0
1900,1083,533,0
1901,1083,222,0
1902,1083,251,0
1903,1092,1191,0
1904,1092,645,0
1905,1092,822,0
1906,1092,981,0
1907,1092,446,0
1908,1100,163,0
1909,1100,945,0
1910,1100,813,0
1911,1100,241,0
1912,1100,1022,0
1913,1100,663,0
1914,1100,559,0
1915,1100,118,0
1916,1100,50,0
1917,1100,335,0
1918,1100,365,0
1919,1100,828,0
1920,1100,387,0
1921,1100,640,0
1922,1100,703,0
1923,1100,1006,0
1924,1100,530,0
1925,1100,424,0
1926,1100,1159,0
1927,1100,370,0
1928,1100,668,0
1929,1100,453,0
1930,1100,1000,0
1931,1100,672,0
1932,1100,264,0
1933,1100,720,0
1934,1101,108,0
1935,1101,560,0
1936,1101,52,0
1937,1111,249,0
1938,1111,1154,0
1939,1114,1029,0
1940,1114,746,0
1941,1114,631,0
1942,1114,919,0
1943,1114,1119,0
1944,1118,339,0
1945,1118,592,0
1946,1137,65,0
1947,1137,525,0
1948,1137,261,0
1949,1137,781,0
1950,1137,223,0
1951,1137,1163,0
1952,1137,699,0
1953,1142,433,0
1954,1150,513,0
1955,1150,552,0
1956,1150,26,0
1957,1150,669,0
1958,1150,601,0
1959,1150,795,0
1960,1150,589,0
1961,1150,640,0
1962,1150,210,0
1963,1150,846,0
1964,1150,682,0
1965,1150,975,0
1966,1150,756,0
1967,1153,692,0
1968,1157,512,0
1969,1157,3,0
1970,1170,425,0
1971,1175,824,0
1972,1175,516,0
1973,1175,27,0
1974,1177,1041,0
1975,1177,778,0
1976,1177,264,0
1977,1177,627,0
1978,1177,220,0
1979,1177,906,0
1980,1177,236,0
1981,1177,635,0
1982,1177,1024,0
1983,1177,875,0
1984,1177,242,0
1985,1177,299,0
1986,1196,895,0
1987,1196,807,0
1988,1196,224,0
1989,1196,544,0
1990,1198,26,0
1991,1198,1055,0
1992,1198,705,0
1993,1198,288,0
1994,1200,270,0
1995,1200,674,0
